1043711	who make the land rover
1029300	who invented the x ray machine
1006748	which chamber of the heart is responsible for pumping deoxygenated blood to the lungs?
1024573	who asked to keep military pay during shutdown
1036076	who is michael weatherly
1018580	which region orchids can be found
1041450	who is the president of kenya
1025893	who created the sbar tool
1004274	where was what about bob filmed
1047632	who plays aunt miranda in rebecca of sunnybrook farms
1033950	who is jagger
1002233	where was david delamare born
1046432	who played blossom on the tv show
101396	cost for safe sitter class
1036230	who is monda
1026990	who discovered rubber
1022723	which vitamin is primarily responsible for blood clotting
104503	cost of heart monitor
1049289	who removes plantar warts
104619	cost of hospital stay
1045452	who owns koodo
1017997	which president was fat and had to fix a tub
1006123	which blood vessels) carry deoxygenated blood to the lungs
1006560	which casino for poker detroit
102406	cost of ambulance services
1046911	who played leatherface in texas chainsaw massacre
1007797	which county is aiken sc located
1047151	who played river song
1044203	who makes parts for electric cars
104273	cost of generic wellbutrin
1020295	which states have no seat belt laws?
1039977	who is the doj
1003840	where was the lady vanishes filmed
1005307	which animals are cnidarians
1029608	who is actor sean carrigan
1003900	where was the movie goonies filmed
1003418	where was sommer ray born
100969	cost for conservatory
1044978	who originally wrote mad world song
1021339	which thyroid hormone is released in greatest quantity
1025905	who created the square deal
1035185	who is leader of the senate
1035312	who is lila downs
1009226	which era of geologic time was the longest
1047049	who played norman bates in psycho
1022463	which us state is chandler
1041488	who is the president of tufts health plan
1006797	which character would be the tragic hero in a greek tragedy?
1027871	who founded goodwill industries
1049172	who really was william shakespeare
1021811	which type of diabetes is insulin resistant
1039862	who is the current leader of north korea
1040949	who is the manager of the colac rsl
1012871	which layer of the heart is responsible for pumping
1017083	which part of the leaf describes the location where photosynthesis takes place?
1038969	who is tashera simmons
1023674	who appointed rosenthal
1038760	who is steve stone huff
1044572	who manufactures infiniti automobiles
1035257	who is leonard williams
1036167	who is miles teller movies
1031605	who is considered nri
1041607	who is the richest actor in the world
1035987	who is melanie martinez dating
1004329	where we can use static members
1004080	where was the trajan column built
1007614	which continent is italy located
1043137	who killed osama bin laden
1033667	who is hubdoc
1014224	which ocean current flows south from the arctic ocean
1011453	which is better medigap or medicare advantage plan
1024382	who are the physicians endoscopy investors
1003956	where was the navy panama canal zone hospital
1002416	where was gareth bale born
1003328	where was saint dominic from
1011576	which is faster exothermic or endothermic
1022749	which vitamins are categorized as fat-soluble vitamins?
101264	cost for oil change mercedes
1021283	which theory states that all matter is made up of tiny particles in constant motion?
1039956	who is the director of operations at oakwood worldwide
1020829	which team did jim edmonds pitch for
1023526	white woman who died in civil rights movement
1000938	where on the chromosome or gene is the tay-sachs located
101381	cost for ring and pinion install
1048694	who plays the current col sanders
1048771	who plays the voice of in storks
1026966	who discovered pantothenic acid
1031506	who is col flagg on mash
1026085	who designed the ahwahnee hotel
1022436	which us president is credited with the slogan good to the last drop?
1000094	where is whitemarsh island
100386	cost behavior is considered linear whenever
1049106	who purchased motorola
1018756	which role do political parties play in the election process
1001876	where was Michael klim born
10217	accelerator pedal definition
1000684	where is your perineum
102165	cost of a solar pool heater
1004979	which airport is closest to london bridge?
1031408	who is christina ricci
